split,model,rmspe,rmse,mae,spearman,observations
validation,Persistence,0.3285856784328025,0.0013645238333126527,0.0008131029575865673,0.899564068025725,1722
validation,Calibrated persistence,0.2869017732478702,0.0012074932197428847,0.0008565253994109558,0.899564068025725,1722
validation,RV-only Ridge,0.2829106578272654,0.0010119688972659846,0.0006857580839193024,0.9022898533010852,1722
validation,Ridge,0.26347451427199037,0.0009822280756907056,0.0006626874099079571,0.9121146877719085,1722
validation,Gradient boosting,0.2680157191639029,0.0009763696367654376,0.0006577296503644124,0.9093676272563727,1722
test,Persistence,0.3422274511218956,0.0014782276525967786,0.0008160421273717421,0.8921183216346058,1725
test,Calibrated persistence,0.29687499524540395,0.0013157480240401512,0.0008878938536997459,0.8921183216346058,1725
test,RV-only Ridge,0.29958504214955833,0.0010950498855314557,0.0007177641707168176,0.8931149973483093,1725
test,Ridge,0.28667480158777303,0.0010734011506140567,0.00069255214527847,0.9054331268361514,1725
test,Gradient boosting,0.2922898196020999,0.0010641992648960804,0.0006979327724358824,0.9009744457551114,1725
