date,asset_return,weight_held_during_session,weight_after_close,pre_trade_weight,turnover_fraction,fee_fraction,fee_dollars,gross_return,net_return,wealth,close_signal_price,adjusted_close_return_proxy,trailing_sma,signal_at_today_close,action,execution_scope
2002-01-07,-0.0070569346801844235,0.0,1.0,0.0,0.9995002498750625,0.0004997501249375313,49.975012493753134,0.0,-0.0004997501249375258,99950.02498750624,116.79000091552734,74.71173858642578,117.03050010681153,0,BUY,"Modeled next-session-close transaction, not an actual execution"
2002-01-08,-0.002311435237383419,1.0,0.0,1.0,1.0,0.0005,49.85949848888639,-0.002311435237383419,-0.002810279519764647,99669.1374792839,116.5199966430664,74.53904724121094,117.02635009765625,0,SELL,"Modeled next-session-close transaction, not an actual execution"
2002-03-05,-0.0031966674291272756,0.0,1.0,0.0,0.9995002498750625,0.0004997501249375313,49.80966390768812,0.0,-0.0004997501249375258,99619.32781537621,115.37999725341795,73.80977630615234,115.56365001678466,0,BUY,"Modeled next-session-close transaction, not an actual execution"
2002-03-06,0.011873610701237602,1.0,0.0,1.0,1.0,0.0005,50.40108446608748,0.011873610701237602,0.011367673895886998,100751.76784770888,116.75,74.68616485595703,115.52040000915527,1,SELL,"Modeled next-session-close transaction, not an actual execution"
2002-03-07,-0.0021406101479528594,0.0,1.0,0.0,0.9995002498750625,0.0004997501249375313,50.35070856956966,0.0,-0.0004997501249375258,100701.41713913929,116.5,74.52629089355469,115.4729999923706,1,BUY,"Modeled next-session-close transaction, not an actual execution"
2002-03-26,0.005809423200763053,1.0,0.0,1.0,1.0,0.0005,49.52836553433832,0.005809423200763053,0.005306518489162748,99007.20270314232,114.2699966430664,73.3091049194336,114.65894992828369,0,SELL,"Modeled next-session-close transaction, not an actual execution"
2002-04-02,-0.005498650612414391,0.0,1.0,0.0,0.9995002498750625,0.0004997501249375313,49.47886192061086,0.0,-0.0004997501249375258,98957.7238412217,113.94000244140624,73.09742736816406,114.38834987640381,0,BUY,"Modeled next-session-close transaction, not an actual execution"
2002-04-03,-0.0070215862059032075,1.0,0.0,1.0,1.0,0.0005,49.1314418262653,-0.0070215862059032075,-0.007518075412800251,98213.75221070433,113.13999938964844,72.58416748046875,114.32354988098145,0,SELL,"Modeled next-session-close transaction, not an actual execution"
2003-04-15,0.009330381435883828,0.0,1.0,0.0,0.9995002498750625,0.0004997501249375313,49.08233493788323,0.0,-0.0004997501249375258,98164.66987576646,89.77999877929688,58.57896041870117,88.48909965515136,1,BUY,"Modeled next-session-close transaction, not an actual execution"
2003-04-17,0.014844083887627146,1.0,0.0,1.0,1.0,0.0005,48.96206244583704,0.014844083887627146,0.014336661845683496,97875.16282922828,89.55999755859375,58.43541717529297,88.41814964294434,1,SELL,"Modeled next-session-close transaction, not an actual execution"
2003-04-21,0.0010052554774639955,0.0,1.0,0.0,0.9995002498750625,0.0004997501249375313,48.913124852188055,0.0,-0.0004997501249375258,97826.2497043761,89.6500015258789,58.49415969848633,88.38884963989258,1,BUY,"Modeled next-session-close transaction, not an actual execution"
2004-07-19,-0.004245030517081472,1.0,0.0,1.0,1.0,0.0005,61.3187939369744,-0.004245030517081472,-0.004742908001822865,122576.26908001183,110.23999786376952,73.329833984375,110.8482999420166,0,SELL,"Modeled next-session-close transaction, not an actual execution"
2004-07-21,-0.018452049318475994,0.0,1.0,0.0,0.9995002498750625,0.0004997501249375313,61.25750578711237,0.0,-0.0004997501249375258,122515.01157422471,109.58000183105467,72.8908462524414,110.93174995422363,0,BUY,"Modeled next-session-close transaction, not an actual execution"
2004-07-22,0.0027374020941497434,1.0,0.0,1.0,1.0,0.0005,61.42519221173639,0.0027374020941497434,0.002236033393102632,122788.95923126103,109.87999725341795,73.09037780761719,110.96419994354248,0,SELL,"Modeled next-session-close transaction, not an actual execution"
2004-09-03,-0.004086289174873969,0.0,1.0,0.0,0.9995002498750625,0.0004997501249375313,61.36379771677214,0.0,-0.0004997501249375258,122727.59543354425,112.12000274658205,74.58036804199219,111.70914985656738,1,BUY,"Modeled next-session-close transaction, not an actual execution"
2004-09-23,-0.005378351780822577,1.0,0.0,1.0,1.0,0.0005,60.9762642319928,-0.005378351780822577,-0.005875662604932108,121891.55219975361,110.9499969482422,74.10936737060547,112.14714996337891,0,SELL,"Modeled next-session-close transaction, not an actual execution"
2004-10-04,0.0016717517373292523,0.0,1.0,0.0,0.9995002498750625,0.0004997501249375313,60.91531844065649,0.0,-0.0004997501249375258,121830.63688131295,113.83999633789062,76.03970336914062,112.30569992065429,1,BUY,"Modeled next-session-close transaction, not an actual execution"
2004-10-14,-0.008068761734772556,1.0,0.0,1.0,1.0,0.0005,59.203039338000586,-0.008068761734772556,-0.008564727353905122,118346.87563666317,110.63999938964844,73.90229034423828,112.43184986114503,0,SELL,"Modeled next-session-close transaction, not an actual execution"
2004-10-28,0.0030120521549372725,0.0,1.0,0.0,0.9995002498750625,0.0004997501249375313,59.143865885388905,0.0,-0.0004997501249375258,118287.73177077778,113.22000122070312,75.62559509277344,112.38069980621339,1,BUY,"Modeled next-session-close transaction, not an actual execution"
2005-04-18,0.003066166993543229,1.0,0.0,1.0,1.0,0.0005,60.50990187134608,0.003066166993543229,0.0025646339100464655,120959.29384082083,114.5,77.37230682373047,115.62740001678466,0,SELL,"Modeled next-session-close transaction, not an actual execution"
2005-04-22,-0.003793156338186665,0.0,1.0,0.0,0.9995002498750625,0.0004997501249375313,60.44942220930577,0.0,-0.0004997501249375258,120898.84441861152,115.56999969482422,78.0953140258789,115.6892000579834,0,BUY,"Modeled next-session-close transaction, not an actual execution"
2005-04-25,0.006576131614073333,1.0,0.0,1.0,1.0,0.0005,60.84694556574885,0.006576131614073333,0.006072843548266427,121633.04418593195,116.33000183105467,78.60887908935547,115.712200050354,1,SELL,"Modeled next-session-close transaction, not an actual execution"
2005-04-26,-0.009713859170879413,0.0,1.0,0.0,0.9995002498750625,0.0004997501249375313,60.78612902845176,0.0,-0.0004997501249375258,121572.2580569035,115.1999969482422,77.84528350830078,115.72930004119873,0,BUY,"Modeled next-session-close transaction, not an actual execution"
2005-04-27,0.003906467070527997,1.0,0.0,1.0,1.0,0.0005,61.02358803984627,0.003906467070527997,0.0034045138369926953,121986.15249165268,115.6500015258789,78.14938354492188,115.74825004577637,0,SELL,"Modeled next-session-close transaction, not an actual execution"
2005-05-03,0.001718588545866373,0.0,1.0,0.0,0.9995002498750625,0.0004997501249375313,60.96259494835218,0.0,-0.0004997501249375258,121925.18989670434,116.5999984741211,78.7913589477539,115.84665004730225,1,BUY,"Modeled next-session-close transaction, not an actual execution"
2005-05-13,-0.0019828105138909313,1.0,0.0,1.0,1.0,0.0005,60.50252466258505,-0.0019828105138909313,-0.002481819108633876,120944.54680050752,115.72000122070312,78.19673919677734,116.12730003356934,0,SELL,"Modeled next-session-close transaction, not an actual execution"
2005-05-17,0.006677586537722657,0.0,1.0,0.0,0.9995002498750625,0.0004997501249375313,60.44205237406674,0.0,-0.0004997501249375258,120884.10474813345,117.58000183105467,79.45354461669922,116.18965007781982,1,BUY,"Modeled next-session-close transaction, not an actual execution"
2005-10-06,-0.003594520693602221,1.0,0.0,1.0,1.0,0.0005,61.78403542653232,-0.003594520693602221,-0.004092723433255396,123506.28681763812,119.1999969482422,81.21763610839844,120.11555015563965,0,SELL,"Modeled next-session-close transaction, not an actual execution"
2005-11-01,0.0029968096853876247,0.0,1.0,0.0,0.9995002498750625,0.0004997501249375313,61.72228226768523,0.0,-0.0004997501249375258,123444.56453537043,120.48999786376952,82.0965576171875,120.05825008392334,1,BUY,"Modeled next-session-close transaction, not an actual execution"
2006-05-24,0.007989215117979676,1.0,0.0,1.0,1.0,0.0005,65.23291574722066,0.007989215117979676,0.007485220510420776,130400.5985786941,126.16999816894533,86.76603698730469,125.92659996032715,1,SELL,"Modeled next-session-close transaction, not an actual execution"
2006-05-25,0.01236472088435736,0.0,1.0,0.0,0.9995002498750625,0.0004997501249375313,65.16771543163125,0.0,-0.0004997501249375258,130335.43086326247,127.7300033569336,87.83887481689453,125.94829998016357,1,BUY,"Modeled next-session-close transaction, not an actual execution"
2006-06-08,-0.000873891636731905,1.0,0.0,1.0,1.0,0.0005,64.15750186476625,-0.000873891636731905,-0.0013734546909134338,128250.84622766773,125.75,86.47721862792969,126.1467499923706,0,SELL,"Modeled next-session-close transaction, not an actual execution"
2006-06-30,7.862907687639087e-05,0.0,1.0,0.0,0.9995002498750625,0.0004997501249375313,64.09337642562107,0.0,-0.0004997501249375258,128186.75285124213,127.27999877929688,87.91626739501953,126.31314998626709,1,BUY,"Modeled next-session-close transaction, not an actual execution"
2006-07-13,-0.016263748897433095,1.0,0.0,1.0,1.0,0.0005,62.44169018727246,-0.016263748897433095,-0.016755617022984337,124820.93868435764,124.0,85.65066528320312,126.49400001525879,0,SELL,"Modeled next-session-close transaction, not an actual execution"
2006-07-26,0.0013416483848724958,0.0,1.0,0.0,0.9995002498750625,0.0004997501249375313,62.379279702327665,0.0,-0.0004997501249375258,124758.55940465532,126.83000183105467,87.60545349121094,126.66310001373292,1,BUY,"Modeled next-session-close transaction, not an actual execution"
2006-08-10,0.0030713624439935305,1.0,0.0,1.0,1.0,0.0005,62.64486348851233,0.0030713624439935305,0.002569826762771621,125227.08211353615,127.37000274658205,87.97843933105469,127.16820011138915,1,SELL,"Modeled next-session-close transaction, not an actual execution"
2006-08-11,-0.0028263427773118632,0.0,1.0,0.0,0.9995002498750625,0.0004997501249375313,62.58224993180218,0.0,-0.0004997501249375258,125164.49986360435,127.01000213623048,87.72978210449219,127.2046501159668,0,BUY,"Modeled next-session-close transaction, not an actual execution"
2006-08-14,0.0007871175357543336,1.0,0.0,1.0,1.0,0.0005,62.63150951815045,0.0007871175357543336,0.00028672397698659147,125200.38752678277,127.11000061035156,87.79883575439453,127.24335010528564,0,SELL,"Modeled next-session-close transaction, not an actual execution"
2006-08-16,0.00831825752379367,0.0,1.0,0.0,0.9995002498750625,0.0004997501249375313,62.56890930873703,0.0,-0.0004997501249375258,125137.81861747404,129.6999969482422,89.58785247802734,127.34550010681153,1,BUY,"Modeled next-session-close transaction, not an actual execution"
2007-08-06,0.016759471043337193,1.0,0.0,1.0,1.0,0.0005,71.82927875862849,0.016759471043337193,0.016251091307815546,143586.72823849833,146.2100067138672,102.84709930419922,145.17685005187988,1,SELL,"Modeled next-session-close transaction, not an actual execution"
2007-08-07,0.010669436124736809,0.0,1.0,0.0,0.9995002498750625,0.0004997501249375313,71.7574853765609,0.0,-0.0004997501249375258,143514.97075312177,147.77000427246094,103.94441986083984,145.23275009155273,1,BUY,"Modeled next-session-close transaction, not an actual execution"
2007-08-13,0.0035931431675677583,1.0,0.0,1.0,1.0,0.0005,70.52405873461902,0.0035931431675677583,0.0030913465959840902,140977.59341050344,145.22999572753906,102.1577377319336,145.41355010986328,0,SELL,"Modeled next-session-close transaction, not an actual execution"
2007-08-23,-0.0008866244186336303,0.0,1.0,0.0,0.9995002498750625,0.0004997501249375313,70.45356992029159,0.0,-0.0004997501249375258,140907.13984058317,146.52000427246094,103.0651626586914,145.67745010375975,1,BUY,"Modeled next-session-close transaction, not an actual execution"
2007-08-29,0.019621078001246683,1.0,0.0,1.0,1.0,0.0005,70.46316089871303,0.019621078001246683,0.019111267462246007,140855.85863652735,146.5399932861328,103.07919311523438,145.83625007629394,1,SELL,"Modeled next-session-close transaction, not an actual execution"
2007-08-30,-0.002661279172596398,0.0,1.0,0.0,0.9995002498750625,0.0004997501249375313,70.39273295178779,0.0,-0.0004997501249375258,140785.46590357553,146.14999389648438,102.80487060546876,145.87580001831054,1,BUY,"Modeled next-session-close transaction, not an actual execution"
2007-09-10,-0.001916990174692157,1.0,0.0,1.0,1.0,0.0005,70.21934275202268,-0.001916990174692157,-0.002416031679604802,140368.46616129336,145.7899932861328,102.55164337158205,146.10044998168945,0,SELL,"Modeled next-session-close transaction, not an actual execution"
2007-09-12,0.00257662988312668,0.0,1.0,0.0,0.9995002498750625,0.0004997501249375313,70.14915850139599,0.0,-0.0004997501249375258,140298.31700279197,147.8699951171875,104.0147476196289,146.16944999694823,1,BUY,"Modeled next-session-close transaction, not an actual execution"
2007-11-08,-0.005070427592631432,1.0,0.0,1.0,1.0,0.0005,70.14353974429281,-0.005070427592631432,-0.005567892378835038,140216.93594884136,147.16000366210938,104.00641632080078,148.39860008239745,0,SELL,"Modeled next-session-close transaction, not an actual execution"
2007-12-03,-0.006592124581584091,0.0,1.0,0.0,0.9995002498750625,0.0004997501249375313,70.0734312587913,0.0,-0.0004997501249375258,140146.86251758254,147.67999267578125,104.3739242553711,148.47359985351562,0,BUY,"Modeled next-session-close transaction, not an actual execution"
2007-12-04,-0.008938197356689992,1.0,0.0,1.0,1.0,0.0005,69.44710110073974,-0.008938197356689992,-0.009433728258011587,138824.75510037877,146.36000061035156,103.44100952148438,148.4751998901367,0,SELL,"Modeled next-session-close transaction, not an actual execution"
2007-12-06,0.014313859436346332,0.0,1.0,0.0,0.9995002498750625,0.0004997501249375313,69.37768870583648,0.0,-0.0004997501249375258,138755.37741167293,150.94000244140625,106.6779327392578,148.5146999359131,1,BUY,"Modeled next-session-close transaction, not an actual execution"
2007-12-12,0.009871255629642084,1.0,0.0,1.0,1.0,0.0005,68.6560858009493,0.009871255629642084,0.009366320001827244,137243.51551609763,149.3699951171875,105.56836700439452,148.66154998779297,1,SELL,"Modeled next-session-close transaction, not an actual execution"
2007-12-13,-0.0020759472191230754,0.0,1.0,0.0,0.9995002498750625,0.0004997501249375313,68.5874640260358,0.0,-0.0004997501249375258,137174.9280520716,149.05999755859375,105.34921264648438,148.70430000305177,1,BUY,"Modeled next-session-close transaction, not an actual execution"
2007-12-17,-0.014269078494528298,1.0,0.0,1.0,1.0,0.0005,66.75157156786902,-0.014269078494528298,-0.014761943955280965,133436.3915641702,145.07000732421875,102.52931213378906,148.78540000915527,0,SELL,"Modeled next-session-close transaction, not an actual execution"
2007-12-26,0.002144854066382873,0.0,1.0,0.0,0.9995002498750625,0.0004997501249375313,66.6848533554074,0.0,-0.0004997501249375258,133369.70671081476,149.5500030517578,106.25653839111328,149.01265007019043,1,BUY,"Modeled next-session-close transaction, not an actual execution"
2007-12-28,-0.002505930880024154,1.0,0.0,1.0,1.0,0.0005,65.6815394285153,-0.002505930880024154,-0.003004677914584142,131297.39731760207,147.3000030517578,104.65784454345705,149.09375007629396,0,SELL,"Modeled next-session-close transaction, not an actual execution"
2008-05-20,-0.008108902695408648,0.0,1.0,0.0,0.9995002498750625,0.0004997501249375313,65.61589071344433,0.0,-0.0004997501249375258,131231.78142688863,141.88999938964844,101.31314849853516,142.8458502960205,0,BUY,"Modeled next-session-close transaction, not an actual execution"
2008-05-21,-0.016914800663317298,1.0,0.0,1.0,1.0,0.0005,64.50601100168039,-0.016914800663317298,-0.017406343262985624,128947.5159923591,139.49000549316406,99.59945678710938,142.812250289917,0,SELL,"Modeled next-session-close transaction, not an actual execution"
2009-06-02,0.0008439126347190573,0.0,1.0,0.0,0.9995002498750625,0.0004997501249375313,64.44153722756577,0.0,-0.0004997501249375258,128883.07445513154,94.8499984741211,69.50775146484375,92.68989990234375,1,BUY,"Modeled next-session-close transaction, not an actual execution"
2009-06-23,0.0007839791353247971,1.0,0.0,1.0,1.0,0.0005,61.04772745935583,0.0007839791353247971,0.00028358714575715815,122034.40719125232,89.3499984741211,65.84712982177734,90.07935005187989,0,SELL,"Modeled next-session-close transaction, not an actual execution"
2009-06-25,0.021748997224727562,0.0,1.0,0.0,0.9995002498750625,0.0004997501249375313,60.98671024050592,0.0,-0.0004997501249375258,121973.42048101181,92.08000183105467,67.85902404785156,89.7393000793457,1,BUY,"Modeled next-session-close transaction, not an actual execution"
2009-07-08,-0.0006813929524734919,1.0,0.0,1.0,1.0,0.0005,58.284407359510695,-0.0006813929524734919,-0.0011810522559971837,116510.5303116619,88.0,64.85221099853516,88.47020004272461,0,SELL,"Modeled next-session-close transaction, not an actual execution"
2009-07-14,0.0056603552455176676,0.0,1.0,0.0,0.9995002498750625,0.0004997501249375313,58.22615207979106,0.0,-0.0004997501249375258,116452.3041595821,90.61000061035156,66.77571868896484,87.85650001525879,1,BUY,"Modeled next-session-close transaction, not an actual execution"
2010-05-21,0.014599516924259648,1.0,0.0,1.0,1.0,0.0005,71.11918948720921,0.014599516924259648,0.01409221716579756,142167.2597849312,109.11000061035156,81.5618896484375,110.49014987945557,0,SELL,"Modeled next-session-close transaction, not an actual execution"
2010-05-28,-0.012549413060519599,0.0,1.0,0.0,0.9995002498750625,0.0004997501249375313,71.04810583954584,0.0,-0.0004997501249375258,142096.21167909165,109.37000274658205,81.75623321533203,110.69124988555909,0,BUY,"Modeled next-session-close transaction, not an actual execution"
2010-06-01,-0.01682351537002824,1.0,0.0,1.0,1.0,0.0005,69.85282693894283,-0.01682351537002824,-0.01731510361234312,139635.80105094676,107.52999877929688,80.38080596923828,110.72104988098144,0,SELL,"Modeled next-session-close transaction, not an actual execution"
2010-06-16,-0.00035749311212929236,0.0,1.0,0.0,0.9995002498750625,0.0004997501249375313,69.78300902096291,0.0,-0.0004997501249375258,139566.0180419258,111.95999908447266,83.6922836303711,111.12174995422363,1,BUY,"Modeled next-session-close transaction, not an actual execution"
2010-06-23,-0.003103287636308849,1.0,0.0,1.0,1.0,0.0005,68.40535357908352,-0.003103287636308849,-0.0036017359924905845,136742.30180458797,109.2300033569336,82.04003143310547,111.36620002746582,0,SELL,"Modeled next-session-close transaction, not an actual execution"
2010-08-03,-0.004788902717891452,0.0,1.0,0.0,0.9995002498750625,0.0004997501249375313,68.33698241108846,0.0,-0.0004997501249375258,136673.96482217687,112.22000122070312,84.2857666015625,111.6705001449585,1,BUY,"Modeled next-session-close transaction, not an actual execution"
2010-08-12,-0.006130270050839881,1.0,0.0,1.0,1.0,0.0005,66.15083071114228,-0.006130270050839881,-0.0066272049158143664,132235.51059157343,108.62999725341795,81.58940124511719,111.77585006713868,0,SELL,"Modeled next-session-close transaction, not an actual execution"
2010-09-14,-0.000621264158113588,0.0,1.0,0.0,0.9995002498750625,0.0004997501249375313,66.08471293931707,0.0,-0.0004997501249375258,132169.42587863412,112.6500015258789,84.60872650146484,111.80670017242431,1,BUY,"Modeled next-session-close transaction, not an actual execution"
2011-08-03,0.005418938080808067,1.0,0.0,1.0,1.0,0.0005,75.50108442106605,0.005418938080808067,0.004916228611767659,150926.66775771102,126.16999816894533,96.6645736694336,128.77684970855714,0,SELL,"Modeled next-session-close transaction, not an actual execution"
2011-10-28,-0.0002335203164599564,0.0,1.0,0.0,0.9995002498750625,0.0004997501249375313,75.42562106832136,0.0,-0.0004997501249375258,150851.2421366427,128.60000610351562,99.03601837158205,127.5874998474121,1,BUY,"Modeled next-session-close transaction, not an actual execution"
2011-11-01,-0.027888435522147814,1.0,0.0,1.0,1.0,0.0005,71.55465135516201,-0.027888435522147814,-0.02837449130438674,143037.74805896883,122.0,93.9533233642578,127.53089981079101,0,SELL,"Modeled next-session-close transaction, not an actual execution"
2011-11-09,-0.03690955823805908,0.0,1.0,0.0,0.9995002498750625,0.0004997501249375313,71.4831324632528,0.0,-0.0004997501249375258,142966.26492650557,123.16000366210938,94.84664154052734,127.43279983520507,0,BUY,"Modeled next-session-close transaction, not an actual execution"
2011-11-10,0.009418553590933687,1.0,0.0,1.0,1.0,0.0005,72.15640017720574,0.009418553590933687,0.00891384431413833,144240.6439542343,124.31999969482422,95.73995971679688,127.40444980621338,0,SELL,"Modeled next-session-close transaction, not an actual execution"
2011-12-08,-0.021936436374461188,0.0,1.0,0.0,0.9995002498750625,0.0004997501249375313,72.08427983719857,0.0,-0.0004997501249375258,144168.5596743971,123.9499969482422,95.45503997802734,126.56049983978272,0,BUY,"Modeled next-session-close transaction, not an actual execution"
2011-12-09,0.016942116294287324,1.0,0.0,1.0,1.0,0.0005,73.30554008919033,0.016942116294287324,0.016433645236140215,146537.77463829145,126.0500030517578,97.07225036621094,126.52909984588624,0,SELL,"Modeled next-session-close transaction, not an actual execution"
2011-12-27,0.0007912802921357098,0.0,1.0,0.0,0.9995002498750625,0.0004997501249375313,73.23227118355396,0.0,-0.0004997501249375258,146464.5423671079,126.48999786376952,98.02891540527344,126.08334983825684,1,BUY,"Modeled next-session-close transaction, not an actual execution"
2011-12-29,0.010333889291046283,1.0,0.0,1.0,1.0,0.0005,73.01803187820944,0.010333889291046283,0.009828722346400864,145963.0457245407,126.12000274658205,97.74213409423828,126.06439987182617,1,SELL,"Modeled next-session-close transaction, not an actual execution"
2011-12-30,-0.004915833005301518,0.0,1.0,0.0,0.9995002498750625,0.0004997501249375313,72.9450503371018,0.0,-0.0004997501249375258,145890.10067420357,125.5,97.26165008544922,126.05264987945557,0,BUY,"Modeled next-session-close transaction, not an actual execution"
2012-01-03,0.01593619028890103,1.0,0.0,1.0,1.0,0.0005,74.10751653990731,0.01593619028890103,0.015428222193756724,148140.92556327474,127.5,98.81163024902344,126.05134986877441,1,SELL,"Modeled next-session-close transaction, not an actual execution"
2012-01-04,0.0015686289043734813,0.0,1.0,0.0,0.9995002498750625,0.0004997501249375313,74.03344605860808,0.0,-0.0004997501249375258,148066.89211721614,127.6999969482422,98.96662902832033,126.0411498260498,1,BUY,"Modeled next-session-close transaction, not an actual execution"
2012-06-04,-0.0004680497536888595,1.0,0.0,1.0,1.0,0.0005,74.59081342069624,-0.0004680497536888595,-0.0009678157288119937,149107.03602797177,128.10000610351562,99.71170806884766,128.67645027160646,0,SELL,"Modeled next-session-close transaction, not an actual execution"
2012-06-06,0.022468372526090352,0.0,1.0,0.0,0.9995002498750625,0.0004997501249375313,74.51625988404388,0.0,-0.0004997501249375258,149032.51976808775,131.97000122070312,102.72406768798828,128.84590030670165,1,BUY,"Modeled next-session-close transaction, not an actual execution"
2012-11-09,0.0008694440581888951,1.0,0.0,1.0,1.0,0.0005,78.83422682684252,0.0008694440581888951,0.00036900933615990894,157589.61942685823,138.16000366210938,108.67658233642578,138.29300018310548,0,SELL,"Modeled next-session-close transaction, not an actual execution"
2012-11-20,0.00043145558712343046,0.0,1.0,0.0,0.9995002498750625,0.0004997501249375313,78.75543199743042,0.0,-0.0004997501249375258,157510.86399486082,139.19000244140625,109.48680877685548,138.4745001220703,1,BUY,"Modeled next-session-close transaction, not an actual execution"
2014-10-13,-0.01642644712225183,1.0,0.0,1.0,1.0,0.0005,110.46659076992758,-0.01642644712225183,-0.016918233898690627,220822.7149490852,187.41000366210935,153.5720672607422,190.60004989624022,0,SELL,"Modeled next-session-close transaction, not an actual execution"
2014-10-22,-0.007110810043215565,0.0,1.0,0.0,0.9995002498750625,0.0004997501249375313,110.3561793848502,0.0,-0.0004997501249375258,220712.35876970037,192.69000244140625,157.89871215820312,190.80964988708496,1,BUY,"Modeled next-session-close transaction, not an actual execution"
2015-07-09,0.0018094188815027668,1.0,0.0,1.0,1.0,0.0005,119.0999447436821,0.0018094188815027668,0.0013085141720621252,238080.7895426205,204.8999938964844,170.4093780517578,205.62750022888184,0,SELL,"Modeled next-session-close transaction, not an actual execution"
2015-07-13,0.011037117074671476,0.0,1.0,0.0,0.9995002498750625,0.0004997501249375313,118.9809043191507,0.0,-0.0004997501249375258,237961.80863830133,209.77000427246097,174.45957946777344,205.72590026855468,1,BUY,"Modeled next-session-close transaction, not an actual execution"
2015-08-21,-0.03010265390057032,1.0,0.0,1.0,1.0,0.0005,112.20856494632203,-0.03010265390057032,-0.030587602573620032,224304.92132769775,197.8300018310547,164.5294189453125,207.8552001953125,0,SELL,"Modeled next-session-close transaction, not an actual execution"
2015-10-26,-0.0024579114332110574,0.0,1.0,0.0,0.9995002498750625,0.0004997501249375313,112.09641245762009,0.0,-0.0004997501249375258,224192.8249152401,207.0,173.05081176757812,206.08555046081543,1,BUY,"Modeled next-session-close transaction, not an actual execution"
2015-11-13,-0.011228471241510829,1.0,0.0,1.0,1.0,0.0005,109.68121711337339,-0.011228471241510829,-0.011722857005890042,219252.7530096334,202.5399932861328,169.3223114013672,206.5045002746582,0,SELL,"Modeled next-session-close transaction, not an actual execution"
2015-11-19,-0.0008622887071310092,0.0,1.0,0.0,0.9995002498750625,0.0004997501249375313,109.57159070946199,0.0,-0.0004997501249375258,219143.18141892392,208.5500030517578,174.3466796875,206.56165031433105,1,BUY,"Modeled next-session-close transaction, not an actual execution"
2015-12-04,0.01950323052049363,1.0,0.0,1.0,1.0,0.0005,110.13374765095422,0.01950323052049363,0.018993478905233507,220157.36155425754,209.6199951171875,175.2411651611328,206.5899503326416,1,SELL,"Modeled next-session-close transaction, not an actual execution"
2015-12-07,-0.006058545330901666,0.0,1.0,0.0,0.9995002498750625,0.0004997501249375313,110.02366894265747,0.0,-0.0004997501249375258,220047.3378853149,208.3500061035156,174.17945861816406,206.57565032958985,1,BUY,"Modeled next-session-close transaction, not an actual execution"
2015-12-10,0.0025812182880990964,1.0,0.0,1.0,1.0,0.0005,108.71406726008762,0.0025812182880990964,0.0020799276789551513,217319.42045291513,205.8699951171875,172.10621643066406,206.49235023498534,0,SELL,"Modeled next-session-close transaction, not an actual execution"
2015-12-17,-0.015238612979309285,0.0,1.0,0.0,0.9995002498750625,0.0004997501249375313,108.60540752269624,0.0,-0.0004997501249375258,217210.81504539246,204.86000061035156,171.26177978515625,206.33355018615723,0,BUY,"Modeled next-session-close transaction, not an actual execution"
2015-12-18,-0.017814624835127302,1.0,0.0,1.0,1.0,0.0005,106.67064293261328,-0.017814624835127302,-0.018305717522709708,213234.61522229397,200.02000427246097,168.2108154296875,206.29615020751953,0,SELL,"Modeled next-session-close transaction, not an actual execution"
2015-12-30,-0.00708772942802649,0.0,1.0,0.0,0.9995002498750625,0.0004997501249375313,106.56402559834783,0.0,-0.0004997501249375258,213128.05119669563,205.92999267578125,173.18089294433594,206.2366500854492,0,BUY,"Modeled next-session-close transaction, not an actual execution"
2015-12-31,-0.010003186901228034,1.0,0.0,1.0,1.0,0.0005,105.49804573334029,-0.010003186901228034,-0.010498185307777352,210890.59342094726,203.8699951171875,171.4485321044922,206.20370002746583,0,SELL,"Modeled next-session-close transaction, not an actual execution"
2016-03-14,-0.001282251823555569,0.0,1.0,0.0,0.9995002498750625,0.0004997501249375313,105.39260041026851,0.0,-0.0004997501249375258,210785.200820537,202.5,170.29637145996094,202.06034980773927,1,BUY,"Modeled next-session-close transaction, not an actual execution"
2016-06-28,0.01803615201646358,1.0,0.0,1.0,1.0,0.0005,106.85520099670437,0.01803615201646358,0.017527133940455464,213603.5467924121,203.1999969482422,172.65968322753906,202.18224990844726,1,SELL,"Modeled next-session-close transaction, not an actual execution"
2016-06-29,0.017027641471707877,0.0,1.0,0.0,0.9995002498750625,0.0004997501249375313,106.74839919660776,0.0,-0.0004997501249375258,213496.7983932155,206.66000366210935,175.59967041015625,202.23549995422363,1,BUY,"Modeled next-session-close transaction, not an actual execution"
2018-03-26,0.027358975928206464,1.0,0.0,1.0,1.0,0.0005,141.6999220116714,0.027358975928206464,0.02684529644024236,283258.1441013311,265.1099853515625,233.09445190429688,258.3474494934082,1,SELL,"Modeled next-session-close transaction, not an actual execution"
2018-03-27,-0.01701169632676658,0.0,1.0,0.0,0.9995002498750625,0.0004997501249375313,141.5582929042135,0.0,-0.0004997501249375258,283116.5858084269,260.6000061035156,229.12911987304688,258.4333995056152,1,BUY,"Modeled next-session-close transaction, not an actual execution"
2018-04-03,0.012816856570363688,1.0,0.0,1.0,1.0,0.0005,141.6506401347516,0.012816856570363688,0.0123104481420786,283159.6296293684,260.7699890136719,229.27859497070312,258.7598992919922,1,SELL,"Modeled next-session-close transaction, not an actual execution"
2018-04-04,0.010698986996008575,0.0,1.0,0.0,0.9995002498750625,0.0004997501249375313,141.50906028454196,0.0,-0.0004997501249375258,283018.1205690839,263.55999755859375,231.7316436767578,258.8644992828369,1,BUY,"Modeled next-session-close transaction, not an actual execution"
2018-10-12,0.013888419332327873,1.0,0.0,1.0,1.0,0.0005,149.50045318061004,0.013888419332327873,0.013381475122661746,298851.4059080395,275.95001220703125,244.81814575195312,276.29909942626955,0,SELL,"Modeled next-session-close transaction, not an actual execution"
2018-10-17,0.0001786772802483405,0.0,1.0,0.0,0.9995002498750625,0.0004997501249375313,149.35102744029962,0.0,-0.0004997501249375258,298702.05488059914,280.45001220703125,248.81056213378903,276.4578495788574,1,BUY,"Modeled next-session-close transaction, not an actual execution"
2018-10-19,-0.000542918027902739,1.0,0.0,1.0,1.0,0.0005,147.11426759067936,-0.000542918027902739,-0.0010426465688887498,294081.420913768,276.25,245.0842437744141,276.51069961547853,0,SELL,"Modeled next-session-close transaction, not an actual execution"
2018-11-08,-0.0018144761485073824,0.0,1.0,0.0,0.9995002498750625,0.0004997501249375313,146.9672268434623,0.0,-0.0004997501249375258,293934.4536869246,280.5,248.8548889160156,276.05269943237306,1,BUY,"Modeled next-session-close transaction, not an actual execution"
2018-11-13,-0.0018712278479087185,1.0,0.0,1.0,1.0,0.0005,142.54507693979681,-0.0018712278479087185,-0.002370292233984661,284947.60880265385,272.05999755859375,241.36700439453125,275.89954956054686,0,SELL,"Modeled next-session-close transaction, not an actual execution"
2018-12-04,-0.032402257823780034,0.0,1.0,0.0,0.9995002498750625,0.0004997501249375313,142.40260309977705,0.0,-0.0004997501249375258,284805.2061995541,270.25,239.76121520996097,275.9537495422363,0,BUY,"Modeled next-session-close transaction, not an actual execution"
2018-12-06,-0.0015172159138893138,1.0,0.0,1.0,1.0,0.0005,142.1865476041748,-0.0015172159138893138,-0.002016457305932362,284230.9086607454,269.8399963378906,239.39744567871097,275.95269958496095,0,SELL,"Modeled next-session-close transaction, not an actual execution"
2019-02-13,0.0032471188378371263,0.0,1.0,0.0,0.9995002498750625,0.0004997501249375313,142.04443211431558,0.0,-0.0004997501249375258,284088.86422863114,274.989990234375,245.39114379882812,274.1174496459961,1,BUY,"Modeled next-session-close transaction, not an actual execution"
2019-03-11,0.014501127315819762,1.0,0.0,1.0,1.0,0.0005,143.8265021732306,0.014501127315819762,0.013993876752161905,287509.17784428794,278.44000244140625,248.46978759765625,274.86839965820315,1,SELL,"Modeled next-session-close transaction, not an actual execution"
2019-03-12,0.003771067979814857,0.0,1.0,0.0,0.9995002498750625,0.0004997501249375313,143.6827475483698,0.0,-0.0004997501249375258,287365.49509673956,279.489990234375,249.4067840576172,274.8990496826172,1,BUY,"Modeled next-session-close transaction, not an actual execution"
2019-06-03,-0.00254310098510524,1.0,0.0,1.0,1.0,0.0005,141.77513498422886,-0.00254310098510524,-0.0030418294346126196,283408.49483347347,274.57000732421875,246.09552001953125,277.2174998474121,0,SELL,"Modeled next-session-close transaction, not an actual execution"
2019-06-05,0.008662350743764202,0.0,1.0,0.0,0.9995002498750625,0.0004997501249375313,141.63343070138606,0.0,-0.0004997501249375258,283266.8614027721,282.9599914550781,253.61550903320312,277.2057498168945,1,BUY,"Modeled next-session-close transaction, not an actual execution"
2020-02-28,-0.0042014996024465345,1.0,0.0,1.0,1.0,0.0005,150.4360183467905,-0.0042014996024465345,-0.0046993988526452535,300721.6006752342,296.260009765625,269.3778381347656,304.37879974365234,0,SELL,"Modeled next-session-close transaction, not an actual execution"
2020-03-03,-0.02863244183368463,0.0,1.0,0.0,0.9995002498750625,0.0004997501249375313,150.2856575088627,0.0,-0.0004997501249375258,300571.3150177254,300.239990234375,272.9967041015625,304.56164962768554,0,BUY,"Modeled next-session-close transaction, not an actual execution"
2020-03-04,0.04203293791911866,1.0,0.0,1.0,1.0,0.0005,156.60260522106665,0.04203293791911866,0.04151192145015914,313048.6078369122,312.8599853515625,284.4715576171875,304.6967495727539,1,SELL,"Modeled next-session-close transaction, not an actual execution"
2020-03-05,-0.033241739261780534,0.0,1.0,0.0,0.9995002498750625,0.0004997501249375313,156.4460808780171,0.0,-0.0004997501249375258,312892.1617560342,302.4599914550781,275.0152282714844,304.78929946899416,0,BUY,"Modeled next-session-close transaction, not an actual execution"
2020-03-06,-0.01653106700523399,1.0,0.0,1.0,1.0,0.0005,153.85986023231635,-0.01653106700523399,-0.017022801471731297,307565.8606044004,297.4599914550781,270.46893310546875,304.8440493774414,0,SELL,"Modeled next-session-close transaction, not an actual execution"
2020-05-28,-0.0018446136183052353,0.0,1.0,0.0,0.9995002498750625,0.0004997501249375313,153.70607726356843,0.0,-0.0004997501249375258,307412.1545271368,302.9700012207031,277.098876953125,299.71980026245114,1,BUY,"Modeled next-session-close transaction, not an actual execution"
2020-06-12,0.011975918961475873,1.0,0.0,1.0,1.0,0.0005,154.33519045235036,0.011975918961475873,0.011469931001995226,308516.0457142484,304.2099914550781,278.2330322265625,300.978500213623,1,SELL,"Modeled next-session-close transaction, not an actual execution"
2020-06-15,0.009335274000399352,0.0,1.0,0.0,0.9995002498750625,0.0004997501249375313,154.18093239092875,0.0,-0.0004997501249375258,308361.86478185747,307.04998779296875,280.8304138183594,301.0693000793457,1,BUY,"Modeled next-session-close transaction, not an actual execution"
2020-06-29,0.014697127569340163,1.0,0.0,1.0,1.0,0.0005,153.5531506279932,0.014697127569340163,0.014189779005555625,306952.74810535845,304.4599914550781,279.68695068359375,301.66984985351564,1,SELL,"Modeled next-session-close transaction, not an actual execution"
2020-06-30,0.012809797330694872,0.0,1.0,0.0,0.9995002498750625,0.0004997501249375313,153.39967421557148,0.0,-0.0004997501249375258,306799.34843114286,308.3599853515625,283.2696838378906,301.706199798584,1,BUY,"Modeled next-session-close transaction, not an actual execution"
2022-01-24,0.004246804002712601,1.0,0.0,1.0,1.0,0.0005,223.56006463653426,0.004246804002712601,0.0037446806007113143,446896.56920843205,439.8399963378906,412.8287048339844,441.97344955444333,0,SELL,"Modeled next-session-close transaction, not an actual execution"
2022-02-01,0.006756745525837937,0.0,1.0,0.0,0.9995002498750625,0.0004997501249375313,223.33661629606803,0.0,-0.0004997501249375258,446673.23259213596,452.9500122070313,425.1336059570313,442.77149963378906,1,BUY,"Modeled next-session-close transaction, not an actual execution"
2022-02-14,-0.0032694451709468497,1.0,0.0,1.0,1.0,0.0005,216.46812434896515,-0.0032694451709468497,-0.003767810448361275,432719.7805735814,439.0199890136719,412.0590515136719,444.22175003051757,0,SELL,"Modeled next-session-close transaction, not an actual execution"
2022-02-16,0.0011206184093515148,0.0,1.0,0.0,0.9995002498750625,0.0004997501249375313,216.25176440458844,0.0,-0.0004997501249375258,432503.5288091768,446.6000061035156,419.1735229492187,444.51615005493164,1,BUY,"Modeled next-session-close transaction, not an actual execution"
2022-02-18,-0.006475043912504308,1.0,0.0,1.0,1.0,0.0005,210.26202727939312,-0.006475043912504308,-0.006971806390547952,420313.7925315068,434.2300109863281,407.5632629394531,444.69850006103513,0,SELL,"Modeled next-session-close transaction, not an actual execution"
2022-03-23,-0.012878293147260411,0.0,1.0,0.0,0.9995002498750625,0.0004997501249375313,210.05187033058814,0.0,-0.0004997501249375258,420103.7406611762,443.7999877929687,417.8395690917969,446.3186004638672,0,BUY,"Modeled next-session-close transaction, not an actual execution"
2022-03-24,0.01507438740375866,1.0,0.0,1.0,1.0,0.0005,213.21827359883548,0.01507438740375866,0.01456685021005688,426223.3289240722,450.489990234375,424.13824462890625,446.46280044555664,1,SELL,"Modeled next-session-close transaction, not an actual execution"
2022-03-25,0.0048835953991615,0.0,1.0,0.0,0.9995002498750625,0.0004997501249375313,213.0051618810956,0.0,-0.0004997501249375258,426010.32376219117,452.69000244140625,426.2095642089844,446.6082005310059,1,BUY,"Modeled next-session-close transaction, not an actual execution"
2022-04-07,0.005039024565172356,1.0,0.0,1.0,1.0,0.0005,211.16067235615785,0.005039024565172356,0.004536505052889828,422110.1840399596,448.7699890136719,422.5188598632813,448.02930053710935,1,SELL,"Modeled next-session-close transaction, not an actual execution"
2022-04-08,-0.002674087247342083,0.0,1.0,0.0,0.9995002498750625,0.0004997501249375313,210.94961721137417,0.0,-0.0004997501249375258,421899.2344227482,447.5700073242187,421.3890075683594,448.1416505432129,0,BUY,"Modeled next-session-close transaction, not an actual execution"
2022-04-11,-0.017092100093604623,1.0,0.0,1.0,1.0,0.0005,207.34404523928973,-0.017092100093604623,-0.017583554043557714,414480.7464333402,439.9200134277344,414.18658447265625,448.20820068359376,0,SELL,"Modeled next-session-close transaction, not an actual execution"
2022-12-01,-0.0007357509358512093,0.0,1.0,0.0,0.9995002498750625,0.0004997501249375313,207.136804814263,0.0,-0.0004997501249375258,414273.6096285259,407.3800048828125,386.7891845703125,403.94240112304686,1,BUY,"Modeled next-session-close transaction, not an actual execution"
2022-12-06,-0.014414557463489741,1.0,0.0,1.0,1.0,0.0005,200.24718110873874,-0.014414557463489741,-0.014907350184757973,400294.1150363688,393.8299865722656,373.9241027832031,403.354600982666,0,SELL,"Modeled next-session-close transaction, not an actual execution"
2023-01-17,-0.0018320398870522725,0.0,1.0,0.0,0.9995002498750625,0.0004997501249375313,200.04703400118385,0.0,-0.0004997501249375258,400094.06800236757,397.7699890136719,379.3991394042969,396.90155044555667,1,BUY,"Modeled next-session-close transaction, not an actual execution"
2023-01-19,-0.007279661578648566,1.0,0.0,1.0,1.0,0.0005,195.45538921716053,-0.007279661578648566,-0.007776021747859185,390715.32304510387,388.6400146484375,370.69085693359375,396.27940032958986,0,SELL,"Modeled next-session-close transaction, not an actual execution"
2023-01-24,-0.0010731906778240763,0.0,1.0,0.0,0.9995002498750625,0.0004997501249375313,195.26003150679858,0.0,-0.0004997501249375258,390520.0630135971,400.2000122070313,381.7169799804687,395.49120056152344,1,BUY,"Modeled next-session-close transaction, not an actual execution"
2023-03-10,-0.014429411197526387,1.0,0.0,1.0,1.0,0.0005,188.28783157815388,-0.014429411197526387,-0.014922196491927608,376387.3753247296,385.9100036621094,368.0869140625,393.1588005065918,0,SELL,"Modeled next-session-close transaction, not an actual execution"
2023-03-17,-0.011692879072911944,0.0,1.0,0.0,0.9995002498750625,0.0004997501249375313,188.0996378434431,0.0,-0.0004997501249375258,376199.27568688616,389.989990234375,373.3981018066406,392.7973503112793,0,BUY,"Modeled next-session-close transaction, not an actual execution"
2023-03-20,0.009615701316553427,1.0,0.0,1.0,1.0,0.0005,189.9083477786975,0.009615701316553427,0.00911089346589522,379626.78720961633,393.739990234375,376.9885864257813,392.71810028076175,1,SELL,"Modeled next-session-close transaction, not an actual execution"
2023-03-21,0.013130241471778437,0.0,1.0,0.0,0.9995002498750625,0.0004997501249375313,189.71853433763937,0.0,-0.0004997501249375258,379437.0686752787,398.9100036621094,381.93853759765625,392.6257002258301,1,BUY,"Modeled next-session-close transaction, not an actual execution"
2023-03-23,0.00270329544200143,1.0,0.0,1.0,1.0,0.0005,186.98866743185914,0.00270329544200143,0.002201943794280403,373790.3461962864,393.1700134277344,376.44281005859375,392.44045013427734,1,SELL,"Modeled next-session-close transaction, not an actual execution"
2023-03-24,0.006562073428746373,0.0,1.0,0.0,0.9995002498750625,0.0004997501249375313,186.8017722120372,0.0,-0.0004997501249375258,373603.54442407435,395.75,378.9130554199219,392.34050018310546,1,BUY,"Modeled next-session-close transaction, not an actual execution"
2023-10-23,-0.0017331008207436271,1.0,0.0,1.0,1.0,0.0005,199.90528399003196,-0.0017331008207436271,-0.0022322342703332554,399610.6626960739,420.4599914550781,405.4925231933594,422.5011505126953,0,SELL,"Modeled next-session-close transaction, not an actual execution"
2023-10-25,-0.014352200266594894,0.0,1.0,0.0,0.9995002498750625,0.0004997501249375313,199.70547860873262,0.0,-0.0004997501249375258,399410.95721746515,417.5499877929687,402.6860656738281,422.8273506164551,0,BUY,"Modeled next-session-close transaction, not an actual execution"
2023-10-26,-0.011974642023696913,1.0,0.0,1.0,1.0,0.0005,197.31407699222194,-0.011974642023696913,-0.01246865470268499,394430.8399074517,412.5499877929687,397.8640441894531,422.9372006225586,0,SELL,"Modeled next-session-close transaction, not an actual execution"
2023-11-03,0.009123189169152113,0.0,1.0,0.0,0.9995002498750625,0.0004997501249375313,197.1168615229644,0.0,-0.0004997501249375258,394233.72304592875,434.69000244140625,419.2158508300781,423.75570083618163,1,BUY,"Modeled next-session-close transaction, not an actual execution"
2025-03-11,-0.008312772881163277,1.0,0.0,1.0,1.0,0.0005,256.35936170696255,-0.008312772881163277,-0.008808616494722643,512462.3640522181,555.9199829101562,545.2091064453125,572.113999633789,0,SELL,"Modeled next-session-close transaction, not an actual execution"
2025-03-25,0.0024038461538462563,0.0,1.0,0.0,0.9995002498750625,0.0004997501249375313,256.1031304608787,0.0,-0.0004997501249375258,512206.2609217572,575.4600219726562,566.0703735351562,573.9411499023438,1,BUY,"Modeled next-session-close transaction, not an actual execution"
2025-03-27,-0.002655674108104966,1.0,0.0,1.0,1.0,0.0005,252.37368005577466,-0.002655674108104966,-0.003154346271050823,504494.9864314936,567.0800170898438,557.8270874023438,574.2761502075195,0,SELL,"Modeled next-session-close transaction, not an actual execution"
2025-05-13,0.006603976605000561,0.0,1.0,0.0,0.9995002498750625,0.0004997501249375313,252.1214324994971,0.0,-0.0004997501249375258,504242.8649989941,586.8400268554688,577.2646484375,573.7184997558594,1,BUY,"Modeled next-session-close transaction, not an actual execution"
2026-03-20,-0.014335866992629342,1.0,0.0,1.0,1.0,0.0005,281.8364228036085,-0.014335866992629342,-0.014828699059132977,563391.0091844135,648.5700073242188,645.3009643554688,660.3642492675781,0,SELL,"Modeled next-session-close transaction, not an actual execution"
2026-04-09,0.005769096571727417,0.0,1.0,0.0,0.9995002498750625,0.0004997501249375313,281.55472722859247,0.0,-0.0004997501249375258,563109.4544571848,679.9099731445312,676.4830322265625,663.9989489746093,1,BUY,"Modeled next-session-close transaction, not an actual execution"
2026-09-30,-0.002054445562863161,1.0,0.0,1.0,1.0,0.0005,317.40941423820857,-0.002054445562863161,-0.0025534183400817145,634501.4190621788,762.6300048828125,762.6300048828125,719.6152996826172,1,SELL,"Modeled next-session-close transaction, not an actual execution"
