year,strategy,return
2002,Trend filter,-0.017862477892956696
2003,Trend filter,0.2514894358632427
2004,Trend filter,0.03530235217912736
2005,Trend filter,0.007753976274450736
2006,Trend filter,0.07614495155678314
2007,Trend filter,-0.04859784212661589
2008,Trend filter,-0.017897394565702718
2009,Trend filter,0.12200713213204839
2010,Trend filter,0.030614345952564292
2011,Trend filter,-0.02158964021555876
2012,Trend filter,0.11246503980190292
2013,Trend filter,0.32307813205761704
2014,Trend filter,0.10244397463919808
2015,Trend filter,-0.10915326324488339
2016,Trend filter,0.10701644380888409
2017,Trend filter,0.21705400607431158
2018,Trend filter,0.00034584443232943407
2019,Trend filter,0.15001755521041593
2020,Trend filter,0.14745370151990045
2021,Trend filter,0.28728744748038815
2022,Trend filter,-0.17092708727837735
2023,Trend filter,0.08125759378733566
2024,Trend filter,0.248864762071477
2025,Trend filter,0.09344130814732621
2026,Trend filter,0.0735278939684536
2002,Buy and hold,-0.22458295256999905
2003,Buy and hold,0.2818167658999924
2004,Buy and hold,0.10697853548854175
2005,Buy and hold,0.04828264179062147
2006,Buy and hold,0.15845279985758354
2007,Buy and hold,0.05146271960408266
2008,Buy and hold,-0.3679502516595472
2009,Buy and hold,0.26351793211438745
2010,Buy and hold,0.15056154170428004
2011,Buy and hold,0.018949585719097106
2012,Buy and hold,0.159903466185515
2013,Buy and hold,0.32307813205761704
2014,Buy and hold,0.13463762320042605
2015,Buy and hold,0.01234285038810179
2016,Buy and hold,0.11997889650020133
2017,Buy and hold,0.21705400607431158
2018,Buy and hold,-0.0456900810403601
2019,Buy and hold,0.3122389128264418
2020,Buy and hold,0.18331616911283088
2021,Buy and hold,0.28728744748038815
2022,Buy and hold,-0.18175356462492331
2023,Buy and hold,0.2617579033365256
2024,Buy and hold,0.248864762071477
2025,Buy and hold,0.17719051276439712
2026,Buy and hold,0.12652859943561112
2002,50% ETF / 50% cash,-0.11210528140799936
2003,50% ETF / 50% cash,0.1357691257056297
2004,50% ETF / 50% cash,0.053583155768152535
2005,50% ETF / 50% cash,0.025050930348362588
2006,50% ETF / 50% cash,0.07750428430044498
2007,50% ETF / 50% cash,0.02841498391087982
2008,50% ETF / 50% cash,-0.1883256949321659
2009,50% ETF / 50% cash,0.1336152711476597
2010,50% ETF / 50% cash,0.07669022460937569
2011,50% ETF / 50% cash,0.015827465563166276
2012,50% ETF / 50% cash,0.07895683814679377
2013,50% ETF / 50% cash,0.1518582457697364
2014,50% ETF / 50% cash,0.06670819248769444
2015,50% ETF / 50% cash,0.008920785258504038
2016,50% ETF / 50% cash,0.060359923662288484
2017,50% ETF / 50% cash,0.10373982890144529
2018,50% ETF / 50% cash,-0.019798439103078547
2019,50% ETF / 50% cash,0.14760757507055655
2020,50% ETF / 50% cash,0.10285626147431048
2021,50% ETF / 50% cash,0.13678585102613616
2022,50% ETF / 50% cash,-0.08912955538353828
2023,50% ETF / 50% cash,0.12545325987436895
2024,50% ETF / 50% cash,0.11955203493871003
2025,50% ETF / 50% cash,0.08976051180570144
2026,50% ETF / 50% cash,0.06293027307102816
