lookback,cost_bps,delay,cash_annual,kind,observations,cagr,total_return,annualized_volatility,sharpe_zero_hurdle,max_drawdown,average_exposure,one_way_turnover,fees_dollars,entry_count,exit_count
50,0,1,0.0,Lookback / cost,1695,0.09363838153846316,0.8258798815572483,0.12044164597981177,0.8036354205110222,-0.2101920383032081,0.7233038348082595,109.0,0.0,54,55
50,1,1,0.0,Lookback / cost,1695,0.09186754108764683,0.8060858551235921,0.12043613700941186,0.7902074832321517,-0.21271538428222758,0.7233038348082595,108.994600539946,3123.5561786610447,54,55
50,5,1,0.0,Lookback / cost,1695,0.08481278985300533,0.729032266011195,0.12042670521870531,0.7364196908460175,-0.22272840833337115,0.7233038348082595,108.97301349325336,13341.575527914913,54,55
50,10,1,0.0,Lookback / cost,1695,0.07605837577252705,0.637321150339877,0.1204432492669941,0.669045628335213,-0.23726669561434233,0.7233038348082595,108.94605394605395,21919.019821195252,54,55
50,25,1,0.0,Lookback / cost,1695,0.0502164428509122,0.39035388047404984,0.12068107348117667,0.46650492684714123,-0.2816849654180681,0.7233038348082595,108.86533665835411,30421.21292947742,54,55
100,0,1,0.0,Lookback / cost,1695,0.12439914026379828,1.2003968515855798,0.12049171075068472,1.0337533373088987,-0.20238583980111957,0.7687315634218289,53.0,0.0,26,27
100,1,1,0.0,Lookback / cost,1695,0.1235135016763027,1.1887655873376484,0.12049454395157747,1.027189549409201,-0.20397947396145777,0.7687315634218289,52.99740025997401,1542.135422483725,26,27
100,5,1,0.0,Lookback / cost,1695,0.11997790060645519,1.14285189698982,0.12051220818583629,1.0008913085456848,-0.21032223395717997,0.7687315634218289,52.98700649675162,6960.433316465102,26,27
100,10,1,0.0,Lookback / cost,1695,0.11557400200401902,1.0868113132992607,0.12054851428502915,0.9679295172304035,-0.21817966357451402,0.7687315634218289,52.97402597402597,12249.550490640606,26,27
100,25,1,0.0,Lookback / cost,1695,0.1024656536974955,0.9273275035487585,0.12075187972699988,0.8685789914476167,-0.24128602045340386,0.7687315634218289,52.935162094763086,20872.91177975148,26,27
200,0,1,0.0,Lookback / cost,1695,0.10717012988645624,0.98332648177567,0.12403012839575275,0.8831863258919285,-0.2242497000024949,0.7899705014749262,43.0,0.0,21,22
200,1,1,0.0,Lookback / cost,1695,0.10646255021458773,0.9748164776018131,0.1240344600779473,0.8780039075561451,-0.22579965014086767,0.7899705014749262,42.997900209979,1845.9295178134387,21,22
200,5,1,0.0,Lookback / cost,1695,0.10363673400791384,0.9411398450386239,0.12405680167444001,0.8572482292319547,-0.23196854509662923,0.7899705014749262,42.98950524737631,8712.164586657804,21,22
200,10,1,0.0,Lookback / cost,1695,0.10011457187572503,0.8998500499575373,0.12409599557843735,0.8312499687334347,-0.239610590194394,0.7899705014749262,42.97902097902097,16212.404113051332,21,22
200,25,1,0.0,Lookback / cost,1695,0.08961511531334687,0.7811729845346911,0.12428838112650503,0.7529752762650008,-0.2640580730287333,0.7899705014749262,42.947630922693264,32655.965035908874,21,22
250,0,1,0.0,Lookback / cost,1695,0.08793682892295385,0.76280111108215,0.13165332974591124,0.7065492443607789,-0.21959521277416405,0.8029498525073746,43.0,0.0,21,22
250,1,1,0.0,Lookback / cost,1695,0.08724154103210191,0.7552373312653464,0.1316655993422165,0.7016400193560688,-0.22099867789830174,0.8029498525073746,42.997900209978994,1628.9116877684814,21,22
250,5,1,0.0,Lookback / cost,1695,0.08446481373426296,0.7253051915771058,0.13171937352115015,0.6819926895012367,-0.22658734465159602,0.8029498525073746,42.98950524737631,7743.683348714912,21,22
250,10,1,0.0,Lookback / cost,1695,0.08100383714393589,0.6886063942211944,0.1317971352598017,0.6574141199423315,-0.23379979143217788,0.8029498525073746,42.97902097902097,14540.948269043954,21,22
250,25,1,0.0,Lookback / cost,1695,0.07068677279262525,0.5831249897677768,0.13210033395768056,0.5836137429471338,-0.25644450228837234,0.8029498525073746,42.947630922693264,30093.923913918366,21,22
200,5,2,0.0,Execution delay,1695,0.09867495723476316,0.883190242498958,0.12793872193252032,0.8000279719275132,-0.2120672124244123,0.7899705014749262,42.98950524737631,7263.457967673006,21,22
200,5,3,0.0,Execution delay,1695,0.12148869495426684,1.1623698766264758,0.12635357852100643,0.970936871747487,-0.1759481554446386,0.7899705014749262,42.98950524737631,9312.51449703043,21,22
200,5,1,0.03,Illustrative cash yield,1695,0.11050966637198112,1.0239135185693353,0.12403651249913998,0.9074414685905625,-0.21096635612101733,0.7899705014749262,42.98950524737631,10255.983643359908,21,22
