ticker,strategy,period,start,end,observations,cagr,total_return,annualized_volatility,sharpe_zero_hurdle,max_drawdown,average_exposure,one_way_turnover,fees_dollars,entry_count,exit_count
SPY,Trend filter,Full history,2002-01-02,2026-09-30,6226,0.07765264933049965,5.3450141906217885,0.11054703137069757,0.7320291979692307,-0.23569620373430344,0.751044008994539,163.95902048975512,18613.929855323076,82,82
SPY,Trend filter,Development,2002-01-02,2014-12-31,3273,0.06860000854723824,1.3673050000621902,0.1054277637865695,0.6822231464712483,-0.23569620373430344,0.6950809654750993,88.97751124437781,5845.473462575874,45,44
SPY,Trend filter,Validation,2015-01-02,2019-12-31,1258,0.06676526304470087,0.38077068516595514,0.10412494659913411,0.6730351794457532,-0.15009087643646357,0.8441971383147854,31.992003998000996,4056.291806089397,16,16
SPY,Trend filter,Held-out,2020-01-02,2026-09-30,1695,0.10363673400791384,0.9411398450386239,0.12405680167444001,0.8572482292319547,-0.23196854509662923,0.7899705014749262,42.98950524737631,8712.164586657804,21,22
SPY,Buy and hold,Full history,2002-01-02,2026-09-30,6226,0.099030531201731,9.308640295178193,0.18910477580147986,0.5940132433223516,-0.5518943418645574,0.9998393832316094,1.9995002498750625,565.6648721825072,1,1
SPY,Buy and hold,Development,2002-01-02,2014-12-31,3273,0.06588616759268118,1.2903974440062749,0.20074789269784454,0.418107011960854,-0.5518943418645574,0.9996944699052857,0.9995002498750625,49.975012493753134,1,0
SPY,Buy and hold,Validation,2015-01-02,2019-12-31,1258,0.11579770653872923,0.7280235609205357,0.1342222145003816,0.8837261560401602,-0.1934889264269568,1.0,0.0,0.0,0,0
SPY,Buy and hold,Held-out,2020-01-02,2026-09-30,1695,0.1529467859064968,1.604599038177986,0.20046573820097566,0.810608957915079,-0.33717268745960105,1.0,1.0,515.689859688754,0,1
SPY,50% ETF / 50% cash,Full history,2002-01-02,2026-09-30,6226,0.05279242292786912,2.564575344639925,0.09455280871096079,0.5914198947942771,-0.31367944026646677,0.4999196916158047,13.104580791491715,1112.3991120127425,1,1
SPY,50% ETF / 50% cash,Development,2002-01-02,2014-12-31,3273,0.03735380329804183,0.6101270280444002,0.10037405651747759,0.4155174804163125,-0.31367944026646677,0.4998472349526428,7.2507368582696765,397.98467222179266,1,0
SPY,50% ETF / 50% cash,Validation,2015-01-02,2019-12-31,1258,0.05851344229899791,0.3282685352711898,0.06711221837362341,0.8809833437090735,-0.10071057855111976,0.5,1.8284572606512215,163.91529109727367,0,0
SPY,50% ETF / 50% cash,Held-out,2020-01-02,2026-09-30,1695,0.07890885932065705,0.6667166489071232,0.10023355770959488,0.8079888155045948,-0.17981638002641953,0.5,4.025386672570818,550.499148693676,0,1
QQQ,Trend filter,Full history,2002-01-02,2026-09-30,6226,0.11039045928750957,12.29043077358992,0.15420988759242912,0.7565167849089844,-0.22658643753872854,0.763732733697398,155.96101949025484,19144.823329492505,78,78
QQQ,Trend filter,Development,2002-01-02,2014-12-31,3273,0.07790742230775893,1.6495440051230599,0.14314786536380586,0.5958391054640281,-0.21606936805653765,0.7134127711579591,104.9735132433783,7355.877362280943,53,52
QQQ,Trend filter,Validation,2015-01-02,2019-12-31,1258,0.09215288639097663,0.5527922420721005,0.13950602945070215,0.7020121141784713,-0.22658643753872776,0.8402225755166932,27.99300349825087,4060.3293827846724,14,14
QQQ,Trend filter,Held-out,2020-01-02,2026-09-30,1695,0.1904528075259848,2.230387106084978,0.18258238134226254,1.0468413697093122,-0.21924013457665514,0.8041297935103244,22.994502748625685,7728.616584426889,11,12
QQQ,Buy and hold,Full history,2002-01-02,2026-09-30,6226,0.1330421733594731,20.888826393015894,0.22738579730941968,0.6631106225326101,-0.5340401869185323,0.9998393832316094,1.9995002498750625,1144.9638265515766,1,1
QQQ,Buy and hold,Development,2002-01-02,2014-12-31,3273,0.08264516903621066,1.8048478063034374,0.23475056001941008,0.4554571316589638,-0.5340401869185323,0.9996944699052857,0.9995002498750625,49.975012493753134,1,0
QQQ,Buy and hold,Validation,2015-01-02,2019-12-31,1258,0.1665783967781449,1.1579361260241092,0.1715741764644162,0.9841995925536776,-0.22796667507561863,1.0,0.0,0.0,0,0
QQQ,Buy and hold,Held-out,2020-01-02,2026-09-30,1695,0.21059845705704916,2.616384424807563,0.24835050510761877,0.8941428574501578,-0.35118732726815227,1.0,1.0,1094.9888140578234,0,1
QQQ,50% ETF / 50% cash,Full history,2002-01-02,2026-09-30,6226,0.07101647021489832,4.446958606210817,0.11369297406239917,0.660354990063762,-0.305135982718412,0.4999196916158047,16.477277762139288,1760.5714575727484,1,1
QQQ,50% ETF / 50% cash,Development,2002-01-02,2014-12-31,3273,0.04733811909007679,0.8234367619816088,0.11737486865489762,0.45269620683689976,-0.305135982718412,0.4998472349526428,8.921067794298702,486.91794541283286,1,0
QQQ,50% ETF / 50% cash,Validation,2015-01-02,2019-12-31,1258,0.08382806248135255,0.49459833619487514,0.08578831897786879,0.9814038198468907,-0.11877863920788245,0.5,2.3830155935456285,259.75850614998706,0,0
QQQ,50% ETF / 50% cash,Held-out,2020-01-02,2026-09-30,1695,0.10843854662512253,0.9986597851323775,0.12417563425863858,0.8913426766209732,-0.1860017683616777,0.5,5.1731943742949555,1013.8950060099285,0,1
IWM,Trend filter,Full history,2002-01-02,2026-09-30,6226,0.04663775498297995,2.0838744808550462,0.14836588211967544,0.3815873008234931,-0.3422486685848468,0.6827818824285256,207.94802598700647,17110.732322281434,104,104
IWM,Trend filter,Development,2002-01-02,2014-12-31,3273,0.041848198270477255,0.7031222687601724,0.15051106547651597,0.3478129726177151,-0.3422486685848468,0.69019248395967,120.9695152423788,7975.9656282157575,61,60
IWM,Trend filter,Validation,2015-01-02,2019-12-31,1258,0.03404868698426622,0.18192394918651722,0.11569593701457065,0.3473853632627209,-0.23748334754179468,0.6947535771065183,35.99100449775112,3415.975362382913,18,18
IWM,Trend filter,Held-out,2020-01-02,2026-09-30,1695,0.06547503386211462,0.5320090573853131,0.16492076459174826,0.46712754853725036,-0.21061969209734255,0.6595870206489676,50.987506246876556,5718.791331682763,25,26
IWM,Buy and hold,Full history,2002-01-02,2026-09-30,6226,0.08710309382409509,6.8725850979661685,0.2368605974020897,0.4714679398795548,-0.5863999253303955,0.9998393832316094,1.9995002498750625,443.8011804760527,1,1
IWM,Buy and hold,Development,2002-01-02,2014-12-31,3273,0.08588188627111637,1.9157324448833077,0.24888780139328842,0.4557760861034626,-0.5863999253303955,0.9996944699052857,0.9995002498750625,49.975012493753134,1,0
IWM,Buy and hold,Validation,2015-01-02,2019-12-31,1258,0.08215755964897964,0.4831338308824158,0.16274438816612163,0.5667111771591435,-0.26808221578812974,1.0,0.0,0.0,0,0
IWM,Buy and hold,Held-out,2020-01-02,2026-09-30,1695,0.09315820496719551,0.8204944231106825,0.2585732038839781,0.47450582470935815,-0.4107237311234233,1.0,1.0,393.8261679822996,0,1
IWM,50% ETF / 50% cash,Full history,2002-01-02,2026-09-30,6226,0.049668647115005404,2.312253977240995,0.11843099819050541,0.4686378801127322,-0.334906231020101,0.4999196916158047,17.547469393186773,1593.5560824451854,1,1
IWM,50% ETF / 50% cash,Development,2002-01-02,2014-12-31,3273,0.049815381215261745,0.8802550544999244,0.1244444215566794,0.4529467320618699,-0.334906231020101,0.4998472349526428,9.641169324814609,603.2015183721132,1,0
IWM,50% ETF / 50% cash,Validation,2015-01-02,2019-12-31,1258,0.043476115136354965,0.23670431643891487,0.08137332391807438,0.5637303261499657,-0.1429239633383873,0.5,2.416009152995179,246.97609503012427,0,0
IWM,50% ETF / 50% cash,Held-out,2020-01-02,2026-09-30,1695,0.05400385695594867,0.4244295966849396,0.1292874879620501,0.4716335670833136,-0.22531202258714755,0.5,5.490290915376985,743.3784690429477,0,1
